ID,Title,URL,Status,Slug,Date,Parent,Count
51327,Melanie Martinez Perfume FAQ,https://www.zuofun.com/melanie-martinez-perfume-faq/,publish,melanie-martinez-perfume-faq,2026-01-08T12:01:22,0,
51325,Nishane Perfume FAQ,https://www.zuofun.com/nishane-perfume-faq/,publish,nishane-perfume-faq,2026-01-08T11:54:13,0,
51323,Eden Perfume FAQ,https://www.zuofun.com/eden-perfume-faq/,publish,eden-perfume-faq,2026-01-08T11:49:40,0,
51321,Jadore Perfume FAQ,https://www.zuofun.com/jadore-perfume-faq/,publish,jadore-perfume-faq,2026-01-08T11:44:53,0,
51319,Gucci Perfume FAQ,https://www.zuofun.com/gucci-perfume-faq/,publish,gucci-perfume-faq,2026-01-08T11:39:17,0,
51317,Moschino Perfume FAQ,https://www.zuofun.com/moschino-perfume-faq/,publish,moschino-perfume-faq,2026-01-08T11:35:36,0,
51315,Loewe Perfume FAQ,https://www.zuofun.com/loewe-perfume-faq/,publish,loewe-perfume-faq,2026-01-08T11:31:30,0,
51312,Calvin Klein Perfume FAQ,https://www.zuofun.com/calvin-klein-perfume-faq/,publish,calvin-klein-perfume-faq,2026-01-08T11:26:26,0,
51310,Costco Perfumes FAQ,https://www.zuofun.com/costco-perfumes-faq/,publish,costco-perfumes-faq,2026-01-08T11:22:47,0,
51307,Michael Kors Perfume FAQ,https://www.zuofun.com/michael-kors-perfume-faq/,publish,michael-kors-perfume-faq,2026-01-08T11:10:12,0,
51305,Elizabeth Arden Perfume FAQ,https://www.zuofun.com/elizabeth-arden-perfume-faq/,publish,elizabeth-arden-perfume-faq,2026-01-08T11:03:35,0,
51301,Krigler Perfume FAQ,https://www.zuofun.com/krigler-perfume-faq/,publish,krigler-perfume-faq,2026-01-08T10:58:25,0,
51296,Lattafa Perfume FAQ,https://www.zuofun.com/lattafa-perfume-faq/,publish,lattafa-perfume-faq,2026-01-08T10:50:47,0,
51293,Pineward Perfumes FAQ,https://www.zuofun.com/pineward-perfumes-faq/,publish,pineward-perfumes-faq,2026-01-08T09:41:59,0,
51289,Belk Perfume FAQ,https://www.zuofun.com/belk-perfume-faq/,publish,belk-perfume-faq,2026-01-08T09:36:02,0,
51286,Ariana Grande Cloud Perfume FAQ,https://www.zuofun.com/ariana-grande-cloud-perfume-faq/,publish,ariana-grande-cloud-perfume-faq,2026-01-08T09:31:46,0,
51283,Black Opium Perfume FAQ,https://www.zuofun.com/black-opium-perfume-faq/,publish,black-opium-perfume-faq,2026-01-08T09:27:21,0,
51280,Chloe Perfume FAQ,https://www.zuofun.com/chloe-perfume-faq/,publish,chloe-perfume-faq,2026-01-08T09:23:55,0,
51277,Coach Perfume FAQ,https://www.zuofun.com/coach-perfume-faq/,publish,coach-perfume-faq,2026-01-08T09:18:59,0,
50577,Perfume,https://www.zuofun.com/perfume2/,publish,perfume2,2025-07-18T06:41:34,0,
50557,Makeup,https://www.zuofun.com/makeups/,publish,makeups,2025-07-18T05:54:45,0,
50559,Skincare,https://www.zuofun.com/skincares/,publish,skincares,2025-07-18T04:03:46,0,
50167,Aromatherapy,https://www.zuofun.com/aromatherapy2/,publish,aromatherapy2,2025-07-10T10:12:51,0,
50081,Home,https://www.zuofun.com/home/,publish,home,2025-06-23T10:24:29,0,
47900,best private label skin care manufacturers,https://www.zuofun.com/best-private-label-skin-care-manufacturers/,publish,best-private-label-skin-care-manufacturers,2023-12-06T18:30:59,0,
44811,Our Team,https://www.zuofun.com/our-team/,publish,our-team,2022-06-08T08:57:09,0,
44387,Certifications,https://www.zuofun.com/certificate/,publish,certificate,2022-05-23T14:13:58,0,
44382,Videos,https://www.zuofun.com/video/,publish,video,2022-05-23T14:10:19,0,
44375,Perfume Factory,https://www.zuofun.com/perfume-factory/,publish,perfume-factory,2022-05-23T14:08:13,0,
44372,R&#038;D Experience,https://www.zuofun.com/rd-experiences/,publish,rd-experiences,2022-05-23T14:06:52,0,
44360,One-stop Service,https://www.zuofun.com/one-stop-services-perfume-distributor/,publish,one-stop-services-perfume-distributor,2022-05-23T13:56:49,0,
44331,Fragrance Wholesale,https://www.zuofun.com/fragrance-wholesale/,publish,fragrance-wholesale,2022-05-21T14:57:35,0,
44303,Private Label Cosmetics,https://www.zuofun.com/private-label-cosmetics/,publish,private-label-cosmetics,2022-05-21T14:26:43,0,
44282,Services,https://www.zuofun.com/services/,publish,services,2022-05-21T14:18:23,0,
44266,Makeup,https://www.zuofun.com/makeup/,publish,makeup,2022-05-21T14:08:14,0,
44199,News,https://www.zuofun.com/news/,publish,news,2022-05-13T09:04:26,0,
43796,Home,https://www.zuofun.com/,publish,perfume-manufacturer,2022-04-23T13:08:02,0,
43603,Contact Us,https://www.zuofun.com/contact-us/,publish,contact-us,2022-04-17T01:12:14,0,
11,My account,https://www.zuofun.com/my-account/,publish,my-account,2022-04-14T14:20:42,0,
10,Checkout,https://www.zuofun.com/checkout/,publish,checkout,2022-04-14T14:20:42,0,
9,Cart,https://www.zuofun.com/cart/,publish,cart,2022-04-14T14:20:42,0,
8,Products,https://www.zuofun.com/product/,publish,product,2022-04-14T14:20:41,0,
15686,Home,https://www.zuofun.com/home-main/,publish,home-main,2020-11-20T13:15:40,0,
7451,About Us,https://www.zuofun.com/about/,publish,about,2020-11-04T17:23:27,0,
